[
 {   "firstname": "Jose",   "lastname": "Ball",   "phone": "(946) 428-5175",   "email": "bavhov@hoco.ro" },
 {   "firstname": "Katharine",   "lastname": "Barton",   "phone": "(928) 681-4601",   "email": "tehtupah@zevokiwa.tp" },
 {   "firstname": "Alberta",   "lastname": "Aguilar",   "phone": "(276) 933-7378",   "email": "ceudoofi@ko.la" },
 {   "firstname": "Dennis",   "lastname": "Palmer",   "phone": "(751) 528-4430",   "email": "hadowaw@sazgo.au" },
 {   "firstname": "Mike",   "lastname": "Chandler",   "phone": "(250) 563-9399",   "email": "lo@tof.fm" },
 {   "firstname": "Rosetta",   "lastname": "Sparks",   "phone": "(527) 414-8975",   "email": "sa@ru.cu" },
 {   "firstname": "Mae",   "lastname": "Wolfe",   "phone": "(564) 557-3334",   "email": "seisu@upeatase.fj" },
 {   "firstname": "Emilie",   "lastname": "Bush",   "phone": "(816) 640-7531",   "email": "nu@faug.hn" },
 {   "firstname": "Lida",   "lastname": "Hill",   "phone": "(550) 811-2109",   "email": "mad@del.cd" },
 {   "firstname": "Willie",   "lastname": "Montgomery",   "phone": "(970) 356-2235",   "email": "ninefona@zozij.sx" },
 {   "firstname": "Vincent",   "lastname": "Morrison",   "phone": "(459) 632-4299",   "email": "uzoaj@rev.pw" },
 {   "firstname": "James",   "lastname": "Powell",   "phone": "(211) 668-2512",   "email": "wazurut@tud.ch" },
 {   "firstname": "Willie",   "lastname": "Steele",   "phone": "(361) 917-8451",   "email": "tutovif@ekivinov.eg" },
 {   "firstname": "Rebecca",   "lastname": "Cox",   "phone": "(424) 450-5816",   "email": "ap@papera.ki" },
 {   "firstname": "Della",   "lastname": "Gonzalez",   "phone": "(475) 209-7077",   "email": "jo@ki.mt" },
 {   "firstname": "Jeremy",   "lastname": "Garner",   "phone": "(926) 709-7265",   "email": "resnij@adpabfim.vg" },
 {   "firstname": "Barry",   "lastname": "Hodges",   "phone": "(676) 233-4318",   "email": "nobelep@becinid.ir" },
 {   "firstname": "Virgie",   "lastname": "Leonard",   "phone": "(278) 519-1149",   "email": "rejade@asvu.co" },
 {   "firstname": "Hannah",   "lastname": "Daniel",   "phone": "(644) 416-9363",   "email": "hu@fik.tv" },
 {   "firstname": "Edgar",   "lastname": "Cannon",   "phone": "(918) 723-5483",   "email": "sokmefa@feluvsi.ar" },
 {   "firstname": "Michael",   "lastname": "Reese",   "phone": "(784) 216-8952",   "email": "acma@puri.rw" },
 {   "firstname": "Victor",   "lastname": "Hall",   "phone": "(787) 395-6528",   "email": "ciluver@nuk.tv" },
 {   "firstname": "Don",   "lastname": "Ellis",   "phone": "(701) 420-6021",   "email": "bac@geuco.er" },
 {   "firstname": "Dale",   "lastname": "Rogers",   "phone": "(233) 425-7893",   "email": "me@unoger.il" },
 {   "firstname": "Shawn",   "lastname": "Howard",   "phone": "(705) 469-4193",   "email": "re@davfiki.ca" },
 {   "firstname": "Josie",   "lastname": "Alexander",   "phone": "(467) 920-5591",   "email": "lipoha@vejfapewi.pr" },
 {   "firstname": "Dollie",   "lastname": "Miles",   "phone": "(574) 578-9374",   "email": "wijirib@zis.org" },
 {   "firstname": "Zachary",   "lastname": "Figueroa",   "phone": "(852) 366-4316",   "email": "ava@ak.bw" },
 {   "firstname": "Stephen",   "lastname": "Maldonado",   "phone": "(419) 602-1437",   "email": "tuuvvo@viril.tg" },
 {   "firstname": "Glenn",   "lastname": "Briggs",   "phone": "(966) 666-9366",   "email": "tam@nuk.dk" },
 {   "firstname": "Adeline",   "lastname": "Boyd",   "phone": "(800) 251-5798",   "email": "ovalini@amtal.is" },
 {   "firstname": "Teresa",   "lastname": "Steele",   "phone": "(536) 854-3556",   "email": "nevfu@morzih.aw" },
 {   "firstname": "Chad",   "lastname": "Stanley",   "phone": "(266) 871-4823",   "email": "rozwin@vustu.mp" },
 {   "firstname": "Stanley",   "lastname": "Lopez",   "phone": "(662) 599-2070",   "email": "piipe@umejobmoz.hm" },
 {   "firstname": "Leona",   "lastname": "Barnes",   "phone": "(288) 892-8972",   "email": "janorpug@funagot.sb" },
 {   "firstname": "Ella",   "lastname": "Sherman",   "phone": "(347) 242-2100",   "email": "kad@loce.pg" },
 {   "firstname": "Etta",   "lastname": "Alexander",   "phone": "(267) 232-8591",   "email": "had@dinuk.sk" },
 {   "firstname": "Jeremy",   "lastname": "Alvarado",   "phone": "(721) 200-1578",   "email": "jit@avozicwaw.sl" },
 {   "firstname": "Erik",   "lastname": "Bailey",   "phone": "(347) 233-4799",   "email": "isjogag@ukedip.mr" },
 {   "firstname": "Marcus",   "lastname": "Little",   "phone": "(222) 625-5732",   "email": "pow@ziw.eu" },
 {   "firstname": "Millie",   "lastname": "Elliott",   "phone": "(768) 563-5400",   "email": "avci@tebven.km" },
 {   "firstname": "George",   "lastname": "Carson",   "phone": "(578) 308-9948",   "email": "bo@wekewa.ug" },
 {   "firstname": "Lela",   "lastname": "Potter",   "phone": "(667) 816-1404",   "email": "fenpa@butgiv.cy" },
 {   "firstname": "Matilda",   "lastname": "Evans",   "phone": "(485) 847-2617",   "email": "er@til.cm" },
 {   "firstname": "Dollie",   "lastname": "Robbins",   "phone": "(288) 997-1831",   "email": "zunpikod@iwi.org" },
 {   "firstname": "Ryan",   "lastname": "Matthews",   "phone": "(289) 512-8188",   "email": "givle@bi.sc" },
 {   "firstname": "Adele",   "lastname": "Medina",   "phone": "(232) 365-2108",   "email": "mazuhcaw@ruevo.fr" },
 {   "firstname": "Landon",   "lastname": "Joseph",   "phone": "(801) 238-5403",   "email": "otmobeh@mam.gq" },
 {   "firstname": "Don",   "lastname": "Simmons",   "phone": "(986) 264-2515",   "email": "roijcej@imo.pt" }
]